category,title,source_url,filename
NBFC,PDF document,https://rbidocs.rbi.org.in/rdocs/notification/PDFs/373MD7F3656C99F764E2F9CE1BC4A1337861F.PDF,NBFC__PDF document__373MD7F3656C99F764E2F9CE1BC4A1337861F.pdf
NBFC,PDF document,https://rbidocs.rbi.org.in/rdocs/notification/PDFs/372MD72894C1BCD6646C582BDF57824ED849B.PDF,NBFC__PDF document__372MD72894C1BCD6646C582BDF57824ED849B.pdf
NBFC,PDF document,https://rbidocs.rbi.org.in/rdocs/notification/PDFs/371MD93444E1CFB2749C6A9F8F0182794522B.PDF,NBFC__PDF document__371MD93444E1CFB2749C6A9F8F0182794522B.pdf
NBFC,PDF document,https://rbidocs.rbi.org.in/rdocs/notification/PDFs/370MD60843CF99DE6468CA026BF367311796E.PDF,NBFC__PDF document__370MD60843CF99DE6468CA026BF367311796E.pdf
NBFC,PDF document,https://rbidocs.rbi.org.in/rdocs/notification/PDFs/369MD595FB8D5A60A4858AEADC3DA61569214.PDF,NBFC__PDF document__369MD595FB8D5A60A4858AEADC3DA61569214.pdf
NBFC,PDF document,https://rbidocs.rbi.org.in/rdocs/notification/PDFs/368MDA3A72C813679452CB0A291E6B300DB59.PDF,NBFC__PDF document__368MDA3A72C813679452CB0A291E6B300DB59.pdf
NBFC,PDF document,https://rbidocs.rbi.org.in/rdocs/notification/PDFs/367MD6F29605A9F984829B1DDFA72799197BB.PDF,NBFC__PDF document__367MD6F29605A9F984829B1DDFA72799197BB.pdf
NBFC,PDF document,https://rbidocs.rbi.org.in/rdocs/notification/PDFs/366MDF8A3AEF00BF24FFC8FA8F1B096F8E054.PDF,NBFC__PDF document__366MDF8A3AEF00BF24FFC8FA8F1B096F8E054.pdf
NBFC,PDF document,https://rbidocs.rbi.org.in/rdocs/notification/PDFs/365MD8214102C853241B98E06B2123AB42657.PDF,NBFC__PDF document__365MD8214102C853241B98E06B2123AB42657.pdf
NBFC,PDF document,https://rbidocs.rbi.org.in/rdocs/notification/PDFs/364MD89C593EA3A124B1491E797D1A752110F.PDF,NBFC__PDF document__364MD89C593EA3A124B1491E797D1A752110F.pdf
NBFC,PDF document,https://rbidocs.rbi.org.in/rdocs/notification/PDFs/363MD40F22B0CDF734E3C884A9CBCE5DF9194.PDF,NBFC__PDF document__363MD40F22B0CDF734E3C884A9CBCE5DF9194.pdf
NBFC,PDF document,https://rbidocs.rbi.org.in/rdocs/notification/PDFs/362MD26CA543937BA439A97E1BCFC08CF5808.PDF,NBFC__PDF document__362MD26CA543937BA439A97E1BCFC08CF5808.pdf
NBFC,PDF document,https://rbidocs.rbi.org.in/rdocs/notification/PDFs/361MD1E2F8EA063454AD5AFA1D02A1BA5ACA7.PDF,NBFC__PDF document__361MD1E2F8EA063454AD5AFA1D02A1BA5ACA7.pdf
NBFC,PDF document,https://rbidocs.rbi.org.in/rdocs/notification/PDFs/360MD1E07039E1DCA455B8CCB9D0C4BFD4BBE.PDF,NBFC__PDF document__360MD1E07039E1DCA455B8CCB9D0C4BFD4BBE.pdf
NBFC,PDF document,https://rbidocs.rbi.org.in/rdocs/notification/PDFs/359MD22B81FAE1AB9481BA79541602ADD032D.PDF,NBFC__PDF document__359MD22B81FAE1AB9481BA79541602ADD032D.pdf
NBFC,PDF document,https://rbidocs.rbi.org.in/rdocs/notification/PDFs/358MDB0FF0CDD07C04BFAB5A97494E9BB7104.PDF,NBFC__PDF document__358MDB0FF0CDD07C04BFAB5A97494E9BB7104.pdf
NBFC,PDF document,https://rbidocs.rbi.org.in/rdocs/notification/PDFs/357MD501BDDC9758E40B592D1AD2D919CC6AF.PDF,NBFC__PDF document__357MD501BDDC9758E40B592D1AD2D919CC6AF.pdf
NBFC,PDF document,https://rbidocs.rbi.org.in/rdocs/notification/PDFs/356MD4F8109CA54BE44A9805C5300601F8A11.PDF,NBFC__PDF document__356MD4F8109CA54BE44A9805C5300601F8A11.pdf
NBFC,PDF document,https://rbidocs.rbi.org.in/rdocs/notification/PDFs/355MDDFD8E87964DD4F529248131781B5812F.PDF,NBFC__PDF document__355MDDFD8E87964DD4F529248131781B5812F.pdf
NBFC,PDF document,https://rbidocs.rbi.org.in/rdocs/notification/PDFs/354MD1F909E42C44E481085D47ECF16A9EE26.PDF,NBFC__PDF document__354MD1F909E42C44E481085D47ECF16A9EE26.pdf
NBFC,PDF document,https://rbidocs.rbi.org.in/rdocs/notification/PDFs/353MD9A35481FC07E4D1199A62E5C2356B0C4.PDF,NBFC__PDF document__353MD9A35481FC07E4D1199A62E5C2356B0C4.pdf
NBFC,PDF document,https://rbidocs.rbi.org.in/rdocs/notification/PDFs/352MDCF4E55B0ACD24FCC8AED1C715997F0F9.PDF,NBFC__PDF document__352MDCF4E55B0ACD24FCC8AED1C715997F0F9.pdf
NBFC,PDF document,https://rbidocs.rbi.org.in/rdocs/notification/PDFs/351MD74108723E6DA484E954DB9D2C7ED184C.PDF,NBFC__PDF document__351MD74108723E6DA484E954DB9D2C7ED184C.pdf
NBFC,PDF document,https://rbidocs.rbi.org.in/rdocs/notification/PDFs/350MDEF81E70DAB50429898EB2CF07BBCA09E.PDF,NBFC__PDF document__350MDEF81E70DAB50429898EB2CF07BBCA09E.pdf
NBFC,PDF document,https://rbidocs.rbi.org.in/rdocs/notification/PDFs/349MD04B1F5EC16D84779BC61D9CC40552401.PDF,NBFC__PDF document__349MD04B1F5EC16D84779BC61D9CC40552401.pdf
NBFC,PDF document,https://rbidocs.rbi.org.in/rdocs/notification/PDFs/348MD993245D8570047299D1814811F20AFEE.PDF,NBFC__PDF document__348MD993245D8570047299D1814811F20AFEE.pdf
NBFC,PDF document,https://rbidocs.rbi.org.in/rdocs/notification/PDFs/347MD5CC21D3597C04354B67A42A1A4CB439C.PDF,NBFC__PDF document__347MD5CC21D3597C04354B67A42A1A4CB439C.pdf
NBFC,PDF document,https://rbidocs.rbi.org.in/rdocs/notification/PDFs/346MD6C1FC3FFE3E84415B12A1C05642FD3E3.PDF,NBFC__PDF document__346MD6C1FC3FFE3E84415B12A1C05642FD3E3.pdf
NBFC,PDF document,https://rbidocs.rbi.org.in/rdocs/notification/PDFs/345MDAB71EF5B2D534D7B92C654742BDF9A77.PDF,NBFC__PDF document__345MDAB71EF5B2D534D7B92C654742BDF9A77.pdf
NBFC,PDF document,https://rbidocs.rbi.org.in/rdocs/notification/PDFs/344MD22F0E87F6DD848919A6459236939D76F.PDF,NBFC__PDF document__344MD22F0E87F6DD848919A6459236939D76F.pdf
NBFC,PDF document,https://rbidocs.rbi.org.in/rdocs/notification/PDFs/343MD54448C9FA65A429BB5AFADBB162904F1.PDF,NBFC__PDF document__343MD54448C9FA65A429BB5AFADBB162904F1.pdf
NBFC,PDF document,https://rbidocs.rbi.org.in/rdocs/notification/PDFs/342MD6D0E541E684A451BB4BB80C4819B2BB1.PDF,NBFC__PDF document__342MD6D0E541E684A451BB4BB80C4819B2BB1.pdf
NBFC,PDF document,https://rbidocs.rbi.org.in/rdocs/notification/PDFs/341MDDF7F3A9C8BF2439D828E773D444D7FD3.PDF,NBFC__PDF document__341MDDF7F3A9C8BF2439D828E773D444D7FD3.pdf
NBFC,PDF document,https://rbidocs.rbi.org.in/rdocs/notification/PDFs/340MD4B77ED4B942E4F9FBECA5673D0360BA3.PDF,NBFC__PDF document__340MD4B77ED4B942E4F9FBECA5673D0360BA3.pdf
NBFC,PDF document,https://rbidocs.rbi.org.in/rdocs/notification/PDFs/339MD7166A79E96D64572B378949D3972DBD1.PDF,NBFC__PDF document__339MD7166A79E96D64572B378949D3972DBD1.pdf
NBFC,RBI’s Vision and Values,https://rbidocs.rbi.org.in/rdocs/content/pdfs/Utkarsh202910042026.pdf,NBFC__RBI_s Vision and Values__Utkarsh202910042026.pdf
NBFC,Accessibility Statement,https://rbidocs.rbi.org.in/rdocs/content/pdfs/Accessibility20012026.pdf,NBFC__Accessibility Statement__Accessibility20012026.pdf
Commercial_Banks,PDF document,https://rbidocs.rbi.org.in/rdocs/notification/PDFs/397MD7DCC951F9F014A738C60E0FBC1A73D70.PDF,Commercial_Banks__PDF document__397MD7DCC951F9F014A738C60E0FBC1A73D70.pdf
Commercial_Banks,PDF document,https://rbidocs.rbi.org.in/rdocs/notification/PDFs/MD39857992A3DBE7946619F0F76DF81E472CF.PDF,Commercial_Banks__PDF document__MD39857992A3DBE7946619F0F76DF81E472CF.pdf
Commercial_Banks,PDF document,https://rbidocs.rbi.org.in/rdocs/notification/PDFs/387MD1003202698CBFA3D29254532B33C97C231B6F7D8.PDF,Commercial_Banks__PDF document__387MD1003202698CBFA3D29254532B33C97C231B6F7D8.pdf
Commercial_Banks,PDF document,https://rbidocs.rbi.org.in/rdocs/notification/PDFs/174MD.PDF,Commercial_Banks__PDF document__174MD.pdf
Commercial_Banks,PDF document,https://rbidocs.rbi.org.in/rdocs/notification/PDFs/173MD.PDF,Commercial_Banks__PDF document__173MD.pdf
Commercial_Banks,PDF document,https://rbidocs.rbi.org.in/rdocs/notification/PDFs/172MD.PDF,Commercial_Banks__PDF document__172MD.pdf
Commercial_Banks,PDF document,https://rbidocs.rbi.org.in/rdocs/notification/PDFs/171MD.PDF,Commercial_Banks__PDF document__171MD.pdf
Commercial_Banks,PDF document,https://rbidocs.rbi.org.in/rdocs/notification/PDFs/170MD.PDF,Commercial_Banks__PDF document__170MD.pdf
Commercial_Banks,PDF document,https://rbidocs.rbi.org.in/rdocs/notification/PDFs/169MD.PDF,Commercial_Banks__PDF document__169MD.pdf
Commercial_Banks,PDF document,https://rbidocs.rbi.org.in/rdocs/notification/PDFs/167MD.PDF,Commercial_Banks__PDF document__167MD.pdf
Commercial_Banks,PDF document,https://rbidocs.rbi.org.in/rdocs/notification/PDFs/166MD.PDF,Commercial_Banks__PDF document__166MD.pdf
Commercial_Banks,PDF document,https://rbidocs.rbi.org.in/rdocs/notification/PDFs/165MD.PDF,Commercial_Banks__PDF document__165MD.pdf
Commercial_Banks,PDF document,https://rbidocs.rbi.org.in/rdocs/notification/PDFs/164MD.PDF,Commercial_Banks__PDF document__164MD.pdf
Commercial_Banks,PDF document,https://rbidocs.rbi.org.in/rdocs/notification/PDFs/163MD.PDF,Commercial_Banks__PDF document__163MD.pdf
Commercial_Banks,PDF document,https://rbidocs.rbi.org.in/rdocs/notification/PDFs/162MD.PDF,Commercial_Banks__PDF document__162MD.pdf
Commercial_Banks,PDF document,https://rbidocs.rbi.org.in/rdocs/notification/PDFs/161MD.PDF,Commercial_Banks__PDF document__161MD.pdf
Commercial_Banks,PDF document,https://rbidocs.rbi.org.in/rdocs/notification/PDFs/160MD.PDF,Commercial_Banks__PDF document__160MD.pdf
Commercial_Banks,PDF document,https://rbidocs.rbi.org.in/rdocs/notification/PDFs/159MD.PDF,Commercial_Banks__PDF document__159MD.pdf
Commercial_Banks,PDF document,https://rbidocs.rbi.org.in/rdocs/notification/PDFs/158MD.PDF,Commercial_Banks__PDF document__158MD.pdf
Commercial_Banks,PDF document,https://rbidocs.rbi.org.in/rdocs/notification/PDFs/157MD.PDF,Commercial_Banks__PDF document__157MD.pdf
Commercial_Banks,PDF document,https://rbidocs.rbi.org.in/rdocs/notification/PDFs/156MD.PDF,Commercial_Banks__PDF document__156MD.pdf
Commercial_Banks,PDF document,https://rbidocs.rbi.org.in/rdocs/notification/PDFs/155MD.PDF,Commercial_Banks__PDF document__155MD.pdf
Commercial_Banks,PDF document,https://rbidocs.rbi.org.in/rdocs/notification/PDFs/154MD.PDF,Commercial_Banks__PDF document__154MD.pdf
Commercial_Banks,PDF document,https://rbidocs.rbi.org.in/rdocs/notification/PDFs/153MD.PDF,Commercial_Banks__PDF document__153MD.pdf
Commercial_Banks,PDF document,https://rbidocs.rbi.org.in/rdocs/notification/PDFs/152MD.PDF,Commercial_Banks__PDF document__152MD.pdf
Commercial_Banks,PDF document,https://rbidocs.rbi.org.in/rdocs/notification/PDFs/151MD.PDF,Commercial_Banks__PDF document__151MD.pdf
Commercial_Banks,PDF document,https://rbidocs.rbi.org.in/rdocs/notification/PDFs/150MD.PDF,Commercial_Banks__PDF document__150MD.pdf
Commercial_Banks,PDF document,https://rbidocs.rbi.org.in/rdocs/notification/PDFs/149MD.PDF,Commercial_Banks__PDF document__149MD.pdf
Commercial_Banks,PDF document,https://rbidocs.rbi.org.in/rdocs/notification/PDFs/148MD.PDF,Commercial_Banks__PDF document__148MD.pdf
Commercial_Banks,PDF document,https://rbidocs.rbi.org.in/rdocs/notification/PDFs/380MD.PDF,Commercial_Banks__PDF document__380MD.pdf
Commercial_Banks,PDF document,https://rbidocs.rbi.org.in/rdocs/notification/PDFs/147MD.PDF,Commercial_Banks__PDF document__147MD.pdf
Commercial_Banks,PDF document,https://rbidocs.rbi.org.in/rdocs/notification/PDFs/146MD.PDF,Commercial_Banks__PDF document__146MD.pdf
Commercial_Banks,PDF document,https://rbidocs.rbi.org.in/rdocs/notification/PDFs/145MD.PDF,Commercial_Banks__PDF document__145MD.pdf
Commercial_Banks,PDF document,https://rbidocs.rbi.org.in/rdocs/notification/PDFs/144MD.PDF,Commercial_Banks__PDF document__144MD.pdf
Commercial_Banks,PDF document,https://rbidocs.rbi.org.in/rdocs/notification/PDFs/143MD.PDF,Commercial_Banks__PDF document__143MD.pdf
Small_Finance_Banks,PDF document,https://rbidocs.rbi.org.in/rdocs/notification/PDFs/391MD10032026DEA2C866625C478D9F4CC695FCA60B68.PDF,Small_Finance_Banks__PDF document__391MD10032026DEA2C866625C478D9F4CC695FCA60B68.pdf
Small_Finance_Banks,PDF document,https://rbidocs.rbi.org.in/rdocs/notification/PDFs/204MD.PDF,Small_Finance_Banks__PDF document__204MD.pdf
Small_Finance_Banks,PDF document,https://rbidocs.rbi.org.in/rdocs/notification/PDFs/203MD.PDF,Small_Finance_Banks__PDF document__203MD.pdf
Small_Finance_Banks,PDF document,https://rbidocs.rbi.org.in/rdocs/notification/PDFs/202MD.PDF,Small_Finance_Banks__PDF document__202MD.pdf
Small_Finance_Banks,PDF document,https://rbidocs.rbi.org.in/rdocs/notification/PDFs/201MD.PDF,Small_Finance_Banks__PDF document__201MD.pdf
Small_Finance_Banks,PDF document,https://rbidocs.rbi.org.in/rdocs/notification/PDFs/200MD.PDF,Small_Finance_Banks__PDF document__200MD.pdf
Small_Finance_Banks,PDF document,https://rbidocs.rbi.org.in/rdocs/notification/PDFs/198MD.PDF,Small_Finance_Banks__PDF document__198MD.pdf
Small_Finance_Banks,PDF document,https://rbidocs.rbi.org.in/rdocs/notification/PDFs/197MD.PDF,Small_Finance_Banks__PDF document__197MD.pdf
Small_Finance_Banks,PDF document,https://rbidocs.rbi.org.in/rdocs/notification/PDFs/196MD.PDF,Small_Finance_Banks__PDF document__196MD.pdf
Small_Finance_Banks,PDF document,https://rbidocs.rbi.org.in/rdocs/notification/PDFs/195MD.PDF,Small_Finance_Banks__PDF document__195MD.pdf
Small_Finance_Banks,PDF document,https://rbidocs.rbi.org.in/rdocs/notification/PDFs/194MD.PDF,Small_Finance_Banks__PDF document__194MD.pdf
Small_Finance_Banks,PDF document,https://rbidocs.rbi.org.in/rdocs/notification/PDFs/193MD.PDF,Small_Finance_Banks__PDF document__193MD.pdf
Small_Finance_Banks,PDF document,https://rbidocs.rbi.org.in/rdocs/notification/PDFs/192MD.PDF,Small_Finance_Banks__PDF document__192MD.pdf
Small_Finance_Banks,PDF document,https://rbidocs.rbi.org.in/rdocs/notification/PDFs/191MD.PDF,Small_Finance_Banks__PDF document__191MD.pdf
Small_Finance_Banks,PDF document,https://rbidocs.rbi.org.in/rdocs/notification/PDFs/190MD.PDF,Small_Finance_Banks__PDF document__190MD.pdf
Small_Finance_Banks,PDF document,https://rbidocs.rbi.org.in/rdocs/notification/PDFs/189MD.PDF,Small_Finance_Banks__PDF document__189MD.pdf
Small_Finance_Banks,PDF document,https://rbidocs.rbi.org.in/rdocs/notification/PDFs/188MD.PDF,Small_Finance_Banks__PDF document__188MD.pdf
Small_Finance_Banks,PDF document,https://rbidocs.rbi.org.in/rdocs/notification/PDFs/187MD.PDF,Small_Finance_Banks__PDF document__187MD.pdf
Small_Finance_Banks,PDF document,https://rbidocs.rbi.org.in/rdocs/notification/PDFs/186MD.PDF,Small_Finance_Banks__PDF document__186MD.pdf
Small_Finance_Banks,PDF document,https://rbidocs.rbi.org.in/rdocs/notification/PDFs/185MD.PDF,Small_Finance_Banks__PDF document__185MD.pdf
Small_Finance_Banks,PDF document,https://rbidocs.rbi.org.in/rdocs/notification/PDFs/184MD.PDF,Small_Finance_Banks__PDF document__184MD.pdf
Small_Finance_Banks,PDF document,https://rbidocs.rbi.org.in/rdocs/notification/PDFs/183MD.PDF,Small_Finance_Banks__PDF document__183MD.pdf
Small_Finance_Banks,PDF document,https://rbidocs.rbi.org.in/rdocs/notification/PDFs/182MD.PDF,Small_Finance_Banks__PDF document__182MD.pdf
Small_Finance_Banks,PDF document,https://rbidocs.rbi.org.in/rdocs/notification/PDFs/181MD.PDF,Small_Finance_Banks__PDF document__181MD.pdf
Small_Finance_Banks,PDF document,https://rbidocs.rbi.org.in/rdocs/notification/PDFs/180MD.PDF,Small_Finance_Banks__PDF document__180MD.pdf
Small_Finance_Banks,PDF document,https://rbidocs.rbi.org.in/rdocs/notification/PDFs/179MD.PDF,Small_Finance_Banks__PDF document__179MD.pdf
Small_Finance_Banks,PDF document,https://rbidocs.rbi.org.in/rdocs/notification/PDFs/381MD.PDF,Small_Finance_Banks__PDF document__381MD.pdf
Small_Finance_Banks,PDF document,https://rbidocs.rbi.org.in/rdocs/notification/PDFs/178MD.PDF,Small_Finance_Banks__PDF document__178MD.pdf
Small_Finance_Banks,PDF document,https://rbidocs.rbi.org.in/rdocs/notification/PDFs/177MD.PDF,Small_Finance_Banks__PDF document__177MD.pdf
Small_Finance_Banks,PDF document,https://rbidocs.rbi.org.in/rdocs/notification/PDFs/176MD.PDF,Small_Finance_Banks__PDF document__176MD.pdf
Small_Finance_Banks,PDF document,https://rbidocs.rbi.org.in/rdocs/notification/PDFs/175MD.PDF,Small_Finance_Banks__PDF document__175MD.pdf
Payments_Banks,PDF document,https://rbidocs.rbi.org.in/rdocs/notification/PDFs/388MD10032026C9C28BA2FD904454A24EE40607D82CC7.PDF,Payments_Banks__PDF document__388MD10032026C9C28BA2FD904454A24EE40607D82CC7.pdf
Payments_Banks,PDF document,https://rbidocs.rbi.org.in/rdocs/notification/PDFs/221MD.PDF,Payments_Banks__PDF document__221MD.pdf
Payments_Banks,PDF document,https://rbidocs.rbi.org.in/rdocs/notification/PDFs/220MD.PDF,Payments_Banks__PDF document__220MD.pdf
Payments_Banks,PDF document,https://rbidocs.rbi.org.in/rdocs/notification/PDFs/219MD.PDF,Payments_Banks__PDF document__219MD.pdf
Payments_Banks,PDF document,https://rbidocs.rbi.org.in/rdocs/notification/PDFs/218MD.PDF,Payments_Banks__PDF document__218MD.pdf
Payments_Banks,PDF document,https://rbidocs.rbi.org.in/rdocs/notification/PDFs/216MD.PDF,Payments_Banks__PDF document__216MD.pdf
Payments_Banks,PDF document,https://rbidocs.rbi.org.in/rdocs/notification/PDFs/215MD.PDF,Payments_Banks__PDF document__215MD.pdf
Payments_Banks,PDF document,https://rbidocs.rbi.org.in/rdocs/notification/PDFs/214MD.PDF,Payments_Banks__PDF document__214MD.pdf
Payments_Banks,PDF document,https://rbidocs.rbi.org.in/rdocs/notification/PDFs/213MD.PDF,Payments_Banks__PDF document__213MD.pdf
Payments_Banks,PDF document,https://rbidocs.rbi.org.in/rdocs/notification/PDFs/212MD.PDF,Payments_Banks__PDF document__212MD.pdf
Payments_Banks,PDF document,https://rbidocs.rbi.org.in/rdocs/notification/PDFs/211MD.PDF,Payments_Banks__PDF document__211MD.pdf
Payments_Banks,PDF document,https://rbidocs.rbi.org.in/rdocs/notification/PDFs/210MD.PDF,Payments_Banks__PDF document__210MD.pdf
Payments_Banks,PDF document,https://rbidocs.rbi.org.in/rdocs/notification/PDFs/209MD.PDF,Payments_Banks__PDF document__209MD.pdf
Payments_Banks,PDF document,https://rbidocs.rbi.org.in/rdocs/notification/PDFs/208MD.PDF,Payments_Banks__PDF document__208MD.pdf
Payments_Banks,PDF document,https://rbidocs.rbi.org.in/rdocs/notification/PDFs/382MD.PDF,Payments_Banks__PDF document__382MD.pdf
Payments_Banks,PDF document,https://rbidocs.rbi.org.in/rdocs/notification/PDFs/207MD.PDF,Payments_Banks__PDF document__207MD.pdf
Payments_Banks,PDF document,https://rbidocs.rbi.org.in/rdocs/notification/PDFs/206MD.PDF,Payments_Banks__PDF document__206MD.pdf
Payments_Banks,PDF document,https://rbidocs.rbi.org.in/rdocs/notification/PDFs/205MD.PDF,Payments_Banks__PDF document__205MD.pdf
